"orig","orig_no_cc","pseudoV","pseudoV_no_cc","simpleKL_no_cc","sqrt_no_cc","sym_pseudoV_no_cc","pearson_no_cc","aupr_no_cc","mcc_no_cc"
"Aggregate",45.3872228716409,47.6655011512519,39.1152144312159,31.6543835826888,37.3630833845388,45.7820925690384,37.4699879903904,45.5411901469428,42.6380112106557,47.2440472440709
"Paul",53.1413210223457,50.4182506638221,47.4973683481517,49.8397431775084,49.9199358973947,49.0917508345343,52.1919534027996,55.4616984954482,49.8798556533597,47.0956473572665
"Nathan",54.5893762558247,53.0471488394994,36.5239647354993,38.2883794381533,38.262252939418,53.084837759948,37.4165738677394,50.81338406365,57.4108003776293,49.376107582514
"Dave",56.1070405564221,56.9561234635926,40.9878030638384,45.1220566907139,43.4281015012169,56.1248608016091,43.3128156554154,55.4616984954482,55.4977477020464,57.8446194559183
"Adriana",46.0651712251241,50.0199960015992,40.1497197997695,50.7148893324239,46.475800154489,45.5192267069642,53.160135440008,48.3528696149463,48.4974226119286,45.9565011723042
"Peter",55.1724568965349,54.3139024560011,46.3896540189728,49.0509938737229,43.1045241245046,56.4446631666803,47.8957200593122,49.598387070549,54.9181208709839,59.1100668245266
"Quaid",49.8196748283246,51.1859355682789,38,34.3511280746353,33.3166624979154,49.4772675074119,28.6006992921502,48.1663783151692,51.2445119012758,53.3291665038935
