OneCluster	0
NClusterOneLineage	1.07082819652
NClusterTwoLineages	-0.0754382174604
NClusterCorrectLineage	2.61481615114
SmallExtraNewBot	2.95182413165
SmallExtraCurBot	2.9558942123
SmallExtraMid	2.96240199109
SmallExtraTop	2.92712401912
BigExtraNewBot	2.33840353506
BigExtraCurBot	2.39106527838
BigExtraMid	2.49189056783
BigExtraTop	2.11018510951